id,timestamp,symbol,side,entryPrice,exitPrice,pnlUsd,pnlPct,trapType,severity,diagnostic,ruleFilter,marketSnapshot_rsi,marketSnapshot_distEma50Pct,marketSnapshot_emaGolden,marketSnapshot_volRatio,marketSnapshot_btcChange24h,activeWeight
LOSS-1788653896862,2026-09-06T00:18:16.862Z,SOL,BUY,200,190,-10,-5,BTC_HEADWIND_DRAG,HIGH,"Long entered while BTC was dumping (-3.5% 24h, BEARISH_CONTRACTION). Macro market drag overwhelmed individual setup.",DO_NOT_BUY_WHEN_BTC_DUMPING,74,11.76,True,1,-3.5,1
LOSS-1788653977124,2026-09-06T00:19:37.124Z,SOL,BUY,200,190,-10,-5,BTC_HEADWIND_DRAG,HIGH,"Long entered while BTC was dumping (-3.5% 24h, BEARISH_CONTRACTION). Macro market drag overwhelmed individual setup.",DO_NOT_BUY_WHEN_BTC_DUMPING,74,11.76,True,1,-3.5,1
LOSS-1788654908285,2026-09-06T00:35:08.285Z,SOL,BUY,200,190,-10,-5,BTC_HEADWIND_DRAG,HIGH,"Long entered while BTC was dumping (-3.5% 24h, BEARISH_CONTRACTION). Macro market drag overwhelmed individual setup.",DO_NOT_BUY_WHEN_BTC_DUMPING,74,11.76,True,1,-3.5,1
LOSS-1788655306984,2026-09-06T00:41:46.984Z,SOL,BUY,200,190,-10,-5,BTC_HEADWIND_DRAG,HIGH,"Long entered while BTC was dumping (-3.5% 24h, BEARISH_CONTRACTION). Macro market drag overwhelmed individual setup.",DO_NOT_BUY_WHEN_BTC_DUMPING,74,11.76,True,1,-3.5,1
LOSS-1788655366914,2026-09-06T00:42:46.914Z,SOL,BUY,200,190,-10,-5,BTC_HEADWIND_DRAG,HIGH,"Long entered while BTC was dumping (-3.5% 24h, BEARISH_CONTRACTION). Macro market drag overwhelmed individual setup.",DO_NOT_BUY_WHEN_BTC_DUMPING,74,11.76,True,1,-3.5,1
LOSS-1788655435443,2026-09-06T00:43:55.443Z,SOL,BUY,200,190,-10,-5,BTC_HEADWIND_DRAG,HIGH,"Long entered while BTC was dumping (-3.5% 24h, BEARISH_CONTRACTION). Macro market drag overwhelmed individual setup.",DO_NOT_BUY_WHEN_BTC_DUMPING,74,11.76,True,1,-3.5,1
LOSS-1788825272675,2026-09-07T23:54:32.675Z,SOL,BUY,200,190,-10,-5,BTC_HEADWIND_DRAG,HIGH,"Long entered while BTC was dumping (-3.5% 24h, BEARISH_CONTRACTION). Macro market drag overwhelmed individual setup.",DO_NOT_BUY_WHEN_BTC_DUMPING,74,11.76,True,1,-3.5,1
LOSS-1788825315598,2026-09-07T23:55:15.598Z,SOL,BUY,200,190,-10,-5,BTC_HEADWIND_DRAG,HIGH,"Long entered while BTC was dumping (-3.5% 24h, BEARISH_CONTRACTION). Macro market drag overwhelmed individual setup.",DO_NOT_BUY_WHEN_BTC_DUMPING,74,11.76,True,1,-3.5,1
LOSS-1788825457127,2026-09-07T23:57:37.127Z,SOL,BUY,200,190,-10,-5,BTC_HEADWIND_DRAG,HIGH,"Long entered while BTC was dumping (-3.5% 24h, BEARISH_CONTRACTION). Macro market drag overwhelmed individual setup.",DO_NOT_BUY_WHEN_BTC_DUMPING,74,11.76,True,1,-3.5,1
LOSS-1789104917054,2026-09-11T05:35:17.054Z,SOL,BUY,200,190,-10,-5,BTC_HEADWIND_DRAG,HIGH,"Long entered while BTC was dumping (-3.5% 24h, BEARISH_CONTRACTION). Macro market drag overwhelmed individual setup.",DO_NOT_BUY_WHEN_BTC_DUMPING,74,11.76,True,1,-3.5,1
LOSS-1789105789206,2026-09-11T05:49:49.206Z,SOL,BUY,200,190,-10,-5,BTC_HEADWIND_DRAG,HIGH,"Long entered while BTC was dumping (-3.5% 24h, BEARISH_CONTRACTION). Macro market drag overwhelmed individual setup.",DO_NOT_BUY_WHEN_BTC_DUMPING,74,11.76,True,1,-3.5,1
LOSS-1789106118959,2026-09-11T05:55:18.959Z,SOL,BUY,200,190,-10,-5,BTC_HEADWIND_DRAG,HIGH,"Long entered while BTC was dumping (-3.5% 24h, BEARISH_CONTRACTION). Macro market drag overwhelmed individual setup.",DO_NOT_BUY_WHEN_BTC_DUMPING,74,11.76,True,1,-3.5,1
LOSS-1789106239196,2026-09-11T05:57:19.196Z,SOL,BUY,200,190,-10,-5,BTC_HEADWIND_DRAG,HIGH,"Long entered while BTC was dumping (-3.5% 24h, BEARISH_CONTRACTION). Macro market drag overwhelmed individual setup.",DO_NOT_BUY_WHEN_BTC_DUMPING,74,11.76,True,1,-3.5,1
LOSS-1789107954209,2026-09-11T06:25:54.209Z,SOL,BUY,200,190,-10,-5,BTC_HEADWIND_DRAG,HIGH,"Long entered while BTC was dumping (-3.5% 24h, BEARISH_CONTRACTION). Macro market drag overwhelmed individual setup.",DO_NOT_BUY_WHEN_BTC_DUMPING,74,11.76,True,1,-3.5,1
LOSS-1789108336555,2026-09-11T06:32:16.555Z,SOL,BUY,200,190,-10,-5,BTC_HEADWIND_DRAG,HIGH,"Long entered while BTC was dumping (-3.5% 24h, BEARISH_CONTRACTION). Macro market drag overwhelmed individual setup.",DO_NOT_BUY_WHEN_BTC_DUMPING,74,11.76,True,1,-3.5,1
LOSS-1789108733092,2026-09-11T06:38:53.092Z,SOL,BUY,200,190,-10,-5,BTC_HEADWIND_DRAG,HIGH,"Long entered while BTC was dumping (-3.5% 24h, BEARISH_CONTRACTION). Macro market drag overwhelmed individual setup.",DO_NOT_BUY_WHEN_BTC_DUMPING,74,11.76,True,1,-3.5,1
LOSS-1789108755355,2026-09-11T06:39:15.355Z,SOL,BUY,150,142,-8,-0.053,BTC_HEADWIND_DRAG,HIGH,"Long entered while BTC was dumping (-3.2% 24h, BEARISH_CONTRACTION). Macro market drag overwhelmed individual setup.",DO_NOT_BUY_WHEN_BTC_DUMPING,72,15.38,True,0.85,-3.2,1
LOSS-1789439048661,2026-09-15T02:24:08.661Z,SOL,BUY,200,190,-10,-5,BTC_HEADWIND_DRAG,HIGH,"Long entered while BTC was dumping (-3.5% 24h, BEARISH_CONTRACTION). Macro market drag overwhelmed individual setup.",DO_NOT_BUY_WHEN_BTC_DUMPING,74,11.76,True,1,-3.5,1
LOSS-1789439197371,2026-09-15T02:26:37.371Z,SOL,BUY,200,190,-10,-5,BTC_HEADWIND_DRAG,HIGH,"Long entered while BTC was dumping (-3.5% 24h, BEARISH_CONTRACTION). Macro market drag overwhelmed individual setup.",DO_NOT_BUY_WHEN_BTC_DUMPING,74,11.76,True,1,-3.5,1
LOSS-1789439661983,2026-09-15T02:34:21.983Z,SOL,BUY,200,190,-10,-5,BTC_HEADWIND_DRAG,HIGH,"Long entered while BTC was dumping (-3.5% 24h, BEARISH_CONTRACTION). Macro market drag overwhelmed individual setup.",DO_NOT_BUY_WHEN_BTC_DUMPING,74,11.76,True,1,-3.5,1
LOSS-1789440528006,2026-09-15T02:48:48.006Z,CRCLB,BUY,94.18187559132907,93.98582196311835,-0.06,-0.002081649223693839,LOW_VOLUME_FAKEOUT,MEDIUM,Breakout attempted on low volume (0.36x SMA). Failed to find institutional follow-through.,REQUIRE_MIN_VOLUME_EXPANSION_1_25X,52.24,1.44,True,0.36,0,1
LOSS-1789440528848,2026-09-15T02:48:48.848Z,METAB,BUY,663.7203597454567,662.7683157699339,-0.04,-0.0014344052605044211,LOW_VOLUME_FAKEOUT,MEDIUM,Breakout attempted on low volume (0.2x SMA). Failed to find institutional follow-through.,REQUIRE_MIN_VOLUME_EXPANSION_1_25X,62.36,1.54,True,0.2,0,1
LOSS-1789440529799,2026-09-15T02:48:49.799Z,AAVE,BUY,127.87027083649247,127.59903965932702,-0.06,-0.002121143369691223,LOW_VOLUME_FAKEOUT,MEDIUM,Breakout attempted on low volume (0.49x SMA). Failed to find institutional follow-through.,REQUIRE_MIN_VOLUME_EXPANSION_1_25X,49.89,0.61,True,0.49,0,1
LOSS-1789440529894,2026-09-15T02:48:49.894Z,LITEB,SELL,851.2757070886568,852.7232070440712,-0.05,-0.0017003891258271858,VOLATILITY_STOP_SWEEP,MEDIUM,Normal volatility wick swept stop-loss before target was reached. Check ATR buffer sizing.,WIDEN_ATR_STOP_BUFFER,41.91,-2.9,False,1.79,0,1
LOSS-1789440530050,2026-09-15T02:48:50.050Z,SPCXB,SELL,148.64137806522228,148.87501510398528,-0.04,-0.0015718169584008782,LOW_VOLUME_FAKEOUT,MEDIUM,Breakout attempted on low volume (0.04x SMA). Failed to find institutional follow-through.,REQUIRE_MIN_VOLUME_EXPANSION_1_25X,48.64,-0.15,False,0.04,0,1
LOSS-1789440530336,2026-09-15T02:48:50.336Z,MSTRB,BUY,133.8697827188905,133.68685536408665,-0.04,-0.001366457396797016,LOW_VOLUME_FAKEOUT,MEDIUM,Breakout attempted on low volume (0.44x SMA). Failed to find institutional follow-through.,REQUIRE_MIN_VOLUME_EXPANSION_1_25X,51.38,0.97,True,0.44,0,1
LOSS-1789440530483,2026-09-15T02:48:50.483Z,NVDAB,SELL,212.19430466614662,212.35612425775176,-0.02,-0.000762601012594257,LOW_VOLUME_FAKEOUT,MEDIUM,Breakout attempted on low volume (0.43x SMA). Failed to find institutional follow-through.,REQUIRE_MIN_VOLUME_EXPANSION_1_25X,45.98,-0.79,False,0.43,0,1
LOSS-1789440530542,2026-09-15T02:48:50.542Z,BTC,BUY,77985.6988166558,77858.23519434516,-0.05,-0.0016344486777031015,LOW_VOLUME_FAKEOUT,MEDIUM,Breakout attempted on low volume (0.26x SMA). Failed to find institutional follow-through.,REQUIRE_MIN_VOLUME_EXPANSION_1_25X,45.31,0.01,True,0.26,0,1
LOSS-1789440530654,2026-09-15T02:48:50.654Z,SOL,BUY,102.28849806545587,102.10482124535757,-0.05,-0.0017956742309459012,LOW_VOLUME_FAKEOUT,MEDIUM,Breakout attempted on low volume (0.31x SMA). Failed to find institutional follow-through.,REQUIRE_MIN_VOLUME_EXPANSION_1_25X,50.1,0.39,True,0.31,0,1
LOSS-1789440530973,2026-09-15T02:48:50.973Z,AVAX,BUY,7.561343400369694,7.555050322740131,-0.02,-0.0008322697828080358,LOW_VOLUME_FAKEOUT,MEDIUM,Breakout attempted on low volume (0.24x SMA). Failed to find institutional follow-through.,REQUIRE_MIN_VOLUME_EXPANSION_1_25X,54.58,0.94,True,0.24,0,1
LOSS-1789450904632,2026-09-15T05:41:44.632Z,SNDKB,BUY,1557.6806598731189,1555.0638749519173,-0.04,-0.0016799238692574467,VOLATILITY_STOP_SWEEP,MEDIUM,Normal volatility wick swept stop-loss before target was reached. Check ATR buffer sizing.,WIDEN_ATR_STOP_BUFFER,51.84,0.24,True,1.35,0,1
LOSS-1789473396017,2026-09-15T11:56:36.017Z,MUB,BUY,936.910460185298,935.4512770480429,-0.04,-0.0015574413983663825,VOLATILITY_STOP_SWEEP,MEDIUM,Normal volatility wick swept stop-loss before target was reached. Check ATR buffer sizing.,WIDEN_ATR_STOP_BUFFER,58.64,1.23,True,1.25,0,1
LOSS-1789484308130,2026-09-15T14:58:28.130Z,PAXG,SELL,4273.423790098582,4278.047465423484,-0.03,-0.0010819604027139068,VOLATILITY_STOP_SWEEP,MEDIUM,Normal volatility wick swept stop-loss before target was reached. Check ATR buffer sizing.,WIDEN_ATR_STOP_BUFFER,42.25,-0.72,False,5.18,0,1
LOSS-1789484689063,2026-09-15T15:04:49.063Z,GOOGLB,BUY,345.20962706538324,343.97906660593304,-0.09,-0.0035646759619978176,VOLATILITY_STOP_SWEEP,MEDIUM,Normal volatility wick swept stop-loss before target was reached. Check ATR buffer sizing.,WIDEN_ATR_STOP_BUFFER,45.65,0.28,True,2.65,0,1
LOSS-1789484701287,2026-09-15T15:05:01.287Z,PAXG,SELL,4272.34759567023,4280.046037280801,-0.05,-0.0018019230500751972,VOLATILITY_STOP_SWEEP,MEDIUM,Normal volatility wick swept stop-loss before target was reached. Check ATR buffer sizing.,WIDEN_ATR_STOP_BUFFER,42.1,-0.75,False,5.34,0,1
LOSS-1789486501679,2026-09-15T15:35:01.679Z,QQQB,SELL,704.3730970087823,705.5102409155517,-0.04,-0.0016144056489357178,VOLATILITY_STOP_SWEEP,MEDIUM,Normal volatility wick swept stop-loss before target was reached. Check ATR buffer sizing.,WIDEN_ATR_STOP_BUFFER,43.58,-0.46,False,1.55,0,1
LOSS-1789548555557,2026-09-16T08:49:15.557Z,CRYPTO,BUY,,,0,0,LOW_VOLUME_FAKEOUT,MEDIUM,Breakout attempted on low volume (1x SMA). Failed to find institutional follow-through.,REQUIRE_MIN_VOLUME_EXPANSION_1_25X,50,0,True,1,0,1
LOSS-1789548555601,2026-09-16T08:49:15.601Z,CRYPTO,BUY,,,0,0,LOW_VOLUME_FAKEOUT,MEDIUM,Breakout attempted on low volume (1x SMA). Failed to find institutional follow-through.,REQUIRE_MIN_VOLUME_EXPANSION_1_25X,50,0,True,1,0,1
LOSS-1789548555617,2026-09-16T08:49:15.617Z,CRYPTO,BUY,,,0,0,LOW_VOLUME_FAKEOUT,MEDIUM,Breakout attempted on low volume (1x SMA). Failed to find institutional follow-through.,REQUIRE_MIN_VOLUME_EXPANSION_1_25X,50,0,True,1,0,1
LOSS-1789548555640,2026-09-16T08:49:15.640Z,CRYPTO,BUY,,,0,0,LOW_VOLUME_FAKEOUT,MEDIUM,Breakout attempted on low volume (1x SMA). Failed to find institutional follow-through.,REQUIRE_MIN_VOLUME_EXPANSION_1_25X,50,0,True,1,0,1
LOSS-1789548555659,2026-09-16T08:49:15.659Z,CRYPTO,BUY,,,0,0,LOW_VOLUME_FAKEOUT,MEDIUM,Breakout attempted on low volume (1x SMA). Failed to find institutional follow-through.,REQUIRE_MIN_VOLUME_EXPANSION_1_25X,50,0,True,1,0,1
LOSS-1789548780228,2026-09-16T08:53:00.228Z,CRYPTO,BUY,,,0,0,LOW_VOLUME_FAKEOUT,MEDIUM,Breakout attempted on low volume (1x SMA). Failed to find institutional follow-through.,REQUIRE_MIN_VOLUME_EXPANSION_1_25X,50,0,True,1,0,1
LOSS-1789548780241,2026-09-16T08:53:00.241Z,CRYPTO,BUY,,,0,0,LOW_VOLUME_FAKEOUT,MEDIUM,Breakout attempted on low volume (1x SMA). Failed to find institutional follow-through.,REQUIRE_MIN_VOLUME_EXPANSION_1_25X,50,0,True,1,0,1
LOSS-1789548780254,2026-09-16T08:53:00.254Z,CRYPTO,BUY,,,0,0,LOW_VOLUME_FAKEOUT,MEDIUM,Breakout attempted on low volume (1x SMA). Failed to find institutional follow-through.,REQUIRE_MIN_VOLUME_EXPANSION_1_25X,50,0,True,1,0,1
LOSS-1789548780265,2026-09-16T08:53:00.265Z,CRYPTO,BUY,,,0,0,LOW_VOLUME_FAKEOUT,MEDIUM,Breakout attempted on low volume (1x SMA). Failed to find institutional follow-through.,REQUIRE_MIN_VOLUME_EXPANSION_1_25X,50,0,True,1,0,1
LOSS-1789548780278,2026-09-16T08:53:00.278Z,CRYPTO,BUY,,,0,0,LOW_VOLUME_FAKEOUT,MEDIUM,Breakout attempted on low volume (1x SMA). Failed to find institutional follow-through.,REQUIRE_MIN_VOLUME_EXPANSION_1_25X,50,0,True,1,0,1
LOSS-1789550108320,2026-09-16T09:15:08.320Z,CRYPTO,BUY,,,0,0,LOW_VOLUME_FAKEOUT,MEDIUM,Breakout attempted on low volume (1x SMA). Failed to find institutional follow-through.,REQUIRE_MIN_VOLUME_EXPANSION_1_25X,50,0,True,1,0,1
LOSS-1789550108333,2026-09-16T09:15:08.333Z,CRYPTO,BUY,,,0,0,LOW_VOLUME_FAKEOUT,MEDIUM,Breakout attempted on low volume (1x SMA). Failed to find institutional follow-through.,REQUIRE_MIN_VOLUME_EXPANSION_1_25X,50,0,True,1,0,1
LOSS-1789550108342,2026-09-16T09:15:08.342Z,CRYPTO,BUY,,,0,0,LOW_VOLUME_FAKEOUT,MEDIUM,Breakout attempted on low volume (1x SMA). Failed to find institutional follow-through.,REQUIRE_MIN_VOLUME_EXPANSION_1_25X,50,0,True,1,0,1
LOSS-1789550108353,2026-09-16T09:15:08.353Z,CRYPTO,BUY,,,0,0,LOW_VOLUME_FAKEOUT,MEDIUM,Breakout attempted on low volume (1x SMA). Failed to find institutional follow-through.,REQUIRE_MIN_VOLUME_EXPANSION_1_25X,50,0,True,1,0,1
LOSS-1789550108365,2026-09-16T09:15:08.365Z,CRYPTO,BUY,,,0,0,LOW_VOLUME_FAKEOUT,MEDIUM,Breakout attempted on low volume (1x SMA). Failed to find institutional follow-through.,REQUIRE_MIN_VOLUME_EXPANSION_1_25X,50,0,True,1,0,1
LOSS-1789550307738,2026-09-16T09:18:27.738Z,CRYPTO,BUY,,,0,0,LOW_VOLUME_FAKEOUT,MEDIUM,Breakout attempted on low volume (1x SMA). Failed to find institutional follow-through.,REQUIRE_MIN_VOLUME_EXPANSION_1_25X,50,0,True,1,0,1
LOSS-1789550307749,2026-09-16T09:18:27.749Z,CRYPTO,BUY,,,0,0,LOW_VOLUME_FAKEOUT,MEDIUM,Breakout attempted on low volume (1x SMA). Failed to find institutional follow-through.,REQUIRE_MIN_VOLUME_EXPANSION_1_25X,50,0,True,1,0,1
LOSS-1789550307762,2026-09-16T09:18:27.762Z,CRYPTO,BUY,,,0,0,LOW_VOLUME_FAKEOUT,MEDIUM,Breakout attempted on low volume (1x SMA). Failed to find institutional follow-through.,REQUIRE_MIN_VOLUME_EXPANSION_1_25X,50,0,True,1,0,1
LOSS-1789550307772,2026-09-16T09:18:27.772Z,CRYPTO,BUY,,,0,0,LOW_VOLUME_FAKEOUT,MEDIUM,Breakout attempted on low volume (1x SMA). Failed to find institutional follow-through.,REQUIRE_MIN_VOLUME_EXPANSION_1_25X,50,0,True,1,0,1
LOSS-1789550307785,2026-09-16T09:18:27.785Z,CRYPTO,BUY,,,0,0,LOW_VOLUME_FAKEOUT,MEDIUM,Breakout attempted on low volume (1x SMA). Failed to find institutional follow-through.,REQUIRE_MIN_VOLUME_EXPANSION_1_25X,50,0,True,1,0,1
LOSS-1789550412068,2026-09-16T09:20:12.068Z,CRYPTO,BUY,,,0,0,LOW_VOLUME_FAKEOUT,MEDIUM,Breakout attempted on low volume (1x SMA). Failed to find institutional follow-through.,REQUIRE_MIN_VOLUME_EXPANSION_1_25X,50,0,True,1,0,1
LOSS-1789550412078,2026-09-16T09:20:12.078Z,CRYPTO,BUY,,,0,0,LOW_VOLUME_FAKEOUT,MEDIUM,Breakout attempted on low volume (1x SMA). Failed to find institutional follow-through.,REQUIRE_MIN_VOLUME_EXPANSION_1_25X,50,0,True,1,0,1
LOSS-1789550412086,2026-09-16T09:20:12.086Z,CRYPTO,BUY,,,0,0,LOW_VOLUME_FAKEOUT,MEDIUM,Breakout attempted on low volume (1x SMA). Failed to find institutional follow-through.,REQUIRE_MIN_VOLUME_EXPANSION_1_25X,50,0,True,1,0,1
LOSS-1789550412150,2026-09-16T09:20:12.150Z,CRYPTO,BUY,,,0,0,LOW_VOLUME_FAKEOUT,MEDIUM,Breakout attempted on low volume (1x SMA). Failed to find institutional follow-through.,REQUIRE_MIN_VOLUME_EXPANSION_1_25X,50,0,True,1,0,1
LOSS-1789550412158,2026-09-16T09:20:12.158Z,CRYPTO,BUY,,,0,0,LOW_VOLUME_FAKEOUT,MEDIUM,Breakout attempted on low volume (1x SMA). Failed to find institutional follow-through.,REQUIRE_MIN_VOLUME_EXPANSION_1_25X,50,0,True,1,0,1
LOSS-1789551405615,2026-09-16T09:36:45.615Z,CRYPTO,BUY,,,0,0,LOW_VOLUME_FAKEOUT,MEDIUM,Breakout attempted on low volume (1x SMA). Failed to find institutional follow-through.,REQUIRE_MIN_VOLUME_EXPANSION_1_25X,50,0,True,1,0,1
LOSS-1789551405623,2026-09-16T09:36:45.623Z,CRYPTO,BUY,,,0,0,LOW_VOLUME_FAKEOUT,MEDIUM,Breakout attempted on low volume (1x SMA). Failed to find institutional follow-through.,REQUIRE_MIN_VOLUME_EXPANSION_1_25X,50,0,True,1,0,1
LOSS-1789551405635,2026-09-16T09:36:45.635Z,CRYPTO,BUY,,,0,0,LOW_VOLUME_FAKEOUT,MEDIUM,Breakout attempted on low volume (1x SMA). Failed to find institutional follow-through.,REQUIRE_MIN_VOLUME_EXPANSION_1_25X,50,0,True,1,0,1
LOSS-1789551405645,2026-09-16T09:36:45.645Z,CRYPTO,BUY,,,0,0,LOW_VOLUME_FAKEOUT,MEDIUM,Breakout attempted on low volume (1x SMA). Failed to find institutional follow-through.,REQUIRE_MIN_VOLUME_EXPANSION_1_25X,50,0,True,1,0,1
LOSS-1789551405657,2026-09-16T09:36:45.657Z,CRYPTO,BUY,,,0,0,LOW_VOLUME_FAKEOUT,MEDIUM,Breakout attempted on low volume (1x SMA). Failed to find institutional follow-through.,REQUIRE_MIN_VOLUME_EXPANSION_1_25X,50,0,True,1,0,1
